{
  "acceptance": {
    "application_export_semantic_parity": true,
    "catalog_complete_runs": 100000,
    "concurrent_compaction_reader_complete": true,
    "concurrent_ingest_kept_query_snapshot": true,
    "crash_kept_previous_snapshot": true,
    "default_sync_query_failed_closed": true,
    "event_rows": 1000000,
    "full_scale": true,
    "migration_recovered": true,
    "raw_file_per_run": true
  },
  "artifacts": {
    "compacted": {
      "bytes": 9263588,
      "file_count": 104
    },
    "exports": {
      "csv": {
        "data_bytes": 21221188,
        "export_id": "analyticsexport_819e4d3190af285c840cce82ff5c29f0a292c902b368700bd483c141e54df6a8",
        "row_count": 100000,
        "semantic_digest": "exportsemantic_0aec75159322a6ee95bd4b29d1d140d0b8a947d6f0a9d30bc975822b023427f0"
      },
      "json": {
        "data_bytes": 68821390,
        "export_id": "analyticsexport_6e60f9f9220d59f3b069861c7403150a64c0f5f2229539b5648e91e1e611e3a0",
        "row_count": 100000,
        "semantic_digest": "exportsemantic_0aec75159322a6ee95bd4b29d1d140d0b8a947d6f0a9d30bc975822b023427f0"
      },
      "parquet": {
        "data_bytes": 13335544,
        "export_id": "analyticsexport_6873c183f6c34bef8e67d6492b754f28feaf006c56ac22fec1204589bcf34945",
        "row_count": 100000,
        "semantic_digest": "exportsemantic_0aec75159322a6ee95bd4b29d1d140d0b8a947d6f0a9d30bc975822b023427f0"
      }
    },
    "final_work_root": {
      "bytes": 407374414,
      "file_count": 100122
    },
    "legacy": {
      "bytes": 4793850,
      "file_count": 100
    },
    "lifecycle_writes": {
      "compaction": {
        "file_count_after": 2,
        "file_count_before": 100,
        "output_bytes": 4456465,
        "schema_version": "aggregation-write-metrics-v1",
        "source_bytes": 4793850,
        "write_amplification": 0.9296212856055154
      },
      "migration": {
        "file_count_after": 2,
        "file_count_before": 2,
        "output_bytes": 4459287,
        "schema_version": "aggregation-write-metrics-v1",
        "source_bytes": 4456465,
        "write_amplification": 1.000633237330485
      }
    },
    "raw": {
      "bytes": 267400000,
      "file_count": 100000
    }
  },
  "evidence_id": "analyticsscaleevidence_2227888e4cb3b0d779fd5b6220833ddd1214b03252aee583efa425ab7e78e3a4",
  "hardware": {
    "cpu_logical_count": 12,
    "memory_total_bytes": 34212798464,
    "platform": "Windows-11-10.0.26200-SP0",
    "work_disk_free_bytes_at_start": 197349089280,
    "work_disk_total_bytes": 999169810432
  },
  "measurements": {
    "aggregation_compaction": {
      "elapsed_ms": {
        "max": 50932.4441,
        "min": 50932.4441,
        "p50": 50932.4441,
        "p95": 50932.4441,
        "p99": 50932.4441
      },
      "peak_rss_bytes": 705110016,
      "sample_count": 1,
      "throughput_rows_per_second": {
        "max": 1963.385,
        "min": 1963.385,
        "p50": 1963.385,
        "p95": 1963.385,
        "p99": 1963.385
      }
    },
    "aggregation_crash_before_pointer": {
      "elapsed_ms": {
        "max": 32645.8795,
        "min": 32645.8795,
        "p50": 32645.8795,
        "p95": 32645.8795,
        "p99": 32645.8795
      },
      "peak_rss_bytes": 655507456,
      "sample_count": 1,
      "throughput_rows_per_second": {
        "max": 3063.174,
        "min": 3063.174,
        "p50": 3063.174,
        "p95": 3063.174,
        "p99": 3063.174
      }
    },
    "aggregation_legacy_publish": {
      "elapsed_ms": {
        "max": 2677.4224,
        "min": 2677.4224,
        "p50": 2677.4224,
        "p95": 2677.4224,
        "p99": 2677.4224
      },
      "peak_rss_bytes": 170967040,
      "sample_count": 1,
      "throughput_rows_per_second": {
        "max": 37349.355,
        "min": 37349.355,
        "p50": 37349.355,
        "p95": 37349.355,
        "p99": 37349.355
      }
    },
    "aggregation_legacy_read": {
      "elapsed_ms": {
        "max": 5189.9727,
        "min": 5189.9727,
        "p50": 5189.9727,
        "p95": 5189.9727,
        "p99": 5189.9727
      },
      "peak_rss_bytes": 281497600,
      "sample_count": 1,
      "throughput_rows_per_second": {
        "max": 19267.924,
        "min": 19267.924,
        "p50": 19267.924,
        "p95": 19267.924,
        "p99": 19267.924
      }
    },
    "aggregation_migration_recovery": {
      "elapsed_ms": {
        "max": 52035.8232,
        "min": 52035.8232,
        "p50": 52035.8232,
        "p95": 52035.8232,
        "p99": 52035.8232
      },
      "peak_rss_bytes": 820670464,
      "sample_count": 1,
      "throughput_rows_per_second": {
        "max": 1921.753,
        "min": 1921.753,
        "p50": 1921.753,
        "p95": 1921.753,
        "p99": 1921.753
      }
    },
    "aggregation_record_materialization": {
      "elapsed_ms": {
        "max": 655.1581,
        "min": 655.1581,
        "p50": 655.1581,
        "p95": 655.1581,
        "p99": 655.1581
      },
      "peak_rss_bytes": 129257472,
      "sample_count": 1,
      "throughput_rows_per_second": {
        "max": 152634.914,
        "min": 152634.914,
        "p50": 152634.914,
        "p95": 152634.914,
        "p99": 152634.914
      }
    },
    "aggregation_rollback": {
      "elapsed_ms": {
        "max": 10664.4836,
        "min": 10664.4836,
        "p50": 10664.4836,
        "p95": 10664.4836,
        "p99": 10664.4836
      },
      "peak_rss_bytes": 714870784,
      "sample_count": 1,
      "throughput_rows_per_second": {
        "max": 9376.919,
        "min": 9376.919,
        "p50": 9376.919,
        "p95": 9376.919,
        "p99": 9376.919
      }
    },
    "application_export_csv": {
      "elapsed_ms": {
        "max": 30626.2073,
        "min": 30626.2073,
        "p50": 30626.2073,
        "p95": 30626.2073,
        "p99": 30626.2073
      },
      "peak_rss_bytes": 2478694400,
      "sample_count": 1,
      "throughput_rows_per_second": {
        "max": 3265.177,
        "min": 3265.177,
        "p50": 3265.177,
        "p95": 3265.177,
        "p99": 3265.177
      }
    },
    "application_export_csv_publish": {
      "elapsed_ms": {
        "max": 29724.3939,
        "min": 29724.3939,
        "p50": 29724.3939,
        "p95": 29724.3939,
        "p99": 29724.3939
      },
      "peak_rss_bytes": 2431025152,
      "sample_count": 1,
      "throughput_rows_per_second": {
        "max": 3364.24,
        "min": 3364.24,
        "p50": 3364.24,
        "p95": 3364.24,
        "p99": 3364.24
      }
    },
    "application_export_json": {
      "elapsed_ms": {
        "max": 29997.0409,
        "min": 29997.0409,
        "p50": 29997.0409,
        "p95": 29997.0409,
        "p99": 29997.0409
      },
      "peak_rss_bytes": 2246639616,
      "sample_count": 1,
      "throughput_rows_per_second": {
        "max": 3333.662,
        "min": 3333.662,
        "p50": 3333.662,
        "p95": 3333.662,
        "p99": 3333.662
      }
    },
    "application_export_json_publish": {
      "elapsed_ms": {
        "max": 30017.1272,
        "min": 30017.1272,
        "p50": 30017.1272,
        "p95": 30017.1272,
        "p99": 30017.1272
      },
      "peak_rss_bytes": 2478702592,
      "sample_count": 1,
      "throughput_rows_per_second": {
        "max": 3331.431,
        "min": 3331.431,
        "p50": 3331.431,
        "p95": 3331.431,
        "p99": 3331.431
      }
    },
    "application_export_parquet": {
      "elapsed_ms": {
        "max": 28747.7938,
        "min": 28747.7938,
        "p50": 28747.7938,
        "p95": 28747.7938,
        "p99": 28747.7938
      },
      "peak_rss_bytes": 2431033344,
      "sample_count": 1,
      "throughput_rows_per_second": {
        "max": 3478.528,
        "min": 3478.528,
        "p50": 3478.528,
        "p95": 3478.528,
        "p99": 3478.528
      }
    },
    "application_export_parquet_publish": {
      "elapsed_ms": {
        "max": 30234.9244,
        "min": 30234.9244,
        "p50": 30234.9244,